,epsilon,Accuracy,Accuracy Train,False Acceptance Rate,False Recognition Rate,Precision,Recall,F1-Score,Stddev Accuracy,Stddev Accuracy Train,Stddev False Acceptance Rate,Stddev False Recognition Rate,Stddev Precision,Stddev Recall,Stddev F1-Score
0,0,0.9264285714285714,0.9406666666666667,0.02907142857142857,0.031142857142857142,0.8764522527628223,0.8837142857142857,0.8800682885189928,0.0,0.0,0.0,0.0,0.0,0.0,0.0
1,5,0.9262142857142858,0.9441904761904761,0.03192857142857143,0.023857142857142858,0.9013876586950104,0.8722857142857143,0.8865979381443301,0.0,0.0,0.0,0.0,0.0,0.0,0.0
2,10,0.9214285714285714,0.9475238095238095,0.039214285714285715,0.014071428571428572,0.9374205844980941,0.8431428571428572,0.887785800240674,0.0,0.0,0.0,0.0,0.0,0.0,0.0
3,15,0.9141428571428571,0.9505714285714286,0.048785714285714286,0.006142857142857143,0.9703754736479504,0.8048571428571428,0.8799000468530377,0.0,0.0,0.0,0.0,0.0,0.0,0.0
4,20,0.8955,0.9396190476190476,0.05921428571428571,0.002785714285714286,0.9856088560885609,0.7631428571428571,0.8602254428341385,0.0,0.0,0.0,0.0,0.0,0.0,0.0
